LandValue,ImprovementValue,HOEX,Latitude,Longitude,Delta,TimetoFinal,ConstructionDelay,Neighbours,TimetoApply,RepairTime
437457,314570,False,38.55989036,-122.6926411,665.0,1031.0,87.0,6,366.0,578.0
965823,1170144,True,38.5311648,-122.6935115,893.0,1067.0,149.0,1,174.0,744.0
806298,468789,True,38.55306295,-122.688311,747.0,1128.0,228.0,8,381.0,519.0
583720,248357,True,38.55192425,-122.6913611,-1.0,-1.0,133.0,6,423.0,-1.0
578169,317911,True,38.55460364,-122.6912811,588.0,668.0,116.0,6,80.0,472.0
459000,712980,False,38.55734404,-122.6890601,353.0,597.0,-1.0,6,244.0,426.0
1711590,1086825,False,38.55186871,-122.6811241,469.0,708.0,-1.0,9,239.0,537.0
150118,184978,True,38.55713356,-122.6802954,-1.0,-1.0,65.0,8,288.0,-1.0
212857,91655,True,38.55745182,-122.6752488,-1.0,-1.0,462.0,8,695.0,-1.0
306000,739500,False,38.55667286,-122.6762139,919.0,1219.0,268.0,8,300.0,651.0
76192,537460,True,38.55747884,-122.679141,916.0,1302.0,153.0,8,386.0,763.0
208520,370385,True,38.55869243,-122.6776224,146.0,701.0,85.0,8,555.0,61.0
213322,149167,True,38.55894328,-122.6804992,-1.0,-1.0,139.0,9,532.0,-1.0
52364,196224,True,38.5609518,-122.680593,-1.0,-1.0,-1.0,8,715.0,-1.0
346098,370470,True,38.52455184,-122.6801768,-1.0,-1.0,80.0,10,232.0,-1.0
664000,812909,False,38.53167099,-122.6838054,69.0,153.0,35.0,4,84.0,34.0
463755,216418,False,38.53461246,-122.6844031,-1.0,-1.0,-1.0,3,286.0,-1.0
591076,81500,False,38.53052696,-122.6773939,-1.0,-1.0,579.0,6,799.0,-1.0
693091,889825,False,38.52516886,-122.673872,503.0,854.0,205.0,7,351.0,298.0
545927,944567,True,38.52257292,-122.6751625,644.0,989.0,281.0,9,345.0,363.0
229690,90177,True,38.52686672,-122.6646326,-1.0,-1.0,106.0,1,259.0,-1.0
101909,669544,True,38.51282791,-122.684906,844.0,1134.0,174.0,14,290.0,670.0
197187,395468,True,38.51865058,-122.6741808,592.0,1043.0,101.0,8,451.0,491.0
147702,400834,True,38.51750463,-122.6745542,-1.0,-1.0,203.0,8,98.0,-1.0
97975,305419,True,38.51681885,-122.6762002,626.0,1014.0,208.0,8,388.0,418.0
322025,662486,True,38.51678116,-122.6787365,638.0,1169.0,120.0,9,531.0,518.0
851458,781468,False,38.5186869,-122.6775169,486.0,856.0,150.0,9,370.0,336.0
254354,330231,False,38.48563545,-122.6697944,807.0,1069.0,96.0,16,262.0,711.0
694361,407848,False,38.48737345,-122.673189,606.0,1343.0,236.0,25,737.0,370.0
315000,513094,True,38.48857162,-122.6690872,574.0,1030.0,125.0,15,456.0,449.0
750000,1150000,True,38.49415046,-122.6841041,-1.0,-1.0,62.0,33,318.0,-1.0
15231,70452,True,38.49298257,-122.6820266,-1.0,-1.0,175.0,39,272.0,-1.0
126897,193200,True,38.48993474,-122.6766765,884.0,1254.0,87.0,37,370.0,797.0
50171,111045,False,38.49617155,-122.6887706,716.0,925.0,60.0,27,209.0,656.0
68284,95625,True,38.4899231,-122.6777525,591.0,1014.0,53.0,39,423.0,538.0
486545,356545,True,38.49538293,-122.6837006,792.0,1228.0,182.0,34,436.0,610.0
121649,184339,True,38.49471125,-122.6741361,195.0,356.0,45.0,19,161.0,150.0
519480,874916,False,38.49319799,-122.6829065,-1.0,-1.0,-1.0,36,28.0,-1.0
460000,569567,True,38.49524031,-122.6892103,739.0,1232.0,166.0,26,493.0,573.0
243492,182107,True,38.49281777,-122.6754108,1031.0,1444.0,112.0,30,413.0,919.0
667498,943999,False,38.49001222,-122.6731811,510.0,994.0,76.0,25,484.0,434.0
243765,382434,True,38.49103066,-122.6745023,696.0,927.0,56.0,31,231.0,640.0
580068,1030874,True,38.49164877,-122.6788428,533.0,891.0,162.0,40,358.0,371.0
337624,218740,True,38.49843755,-122.7104428,-1.0,-1.0,592.0,29,339.0,-1.0
418768,383328,True,38.49988217,-122.7065367,794.0,1098.0,118.0,54,304.0,676.0
675568,875786,False,38.49995912,-122.705023,601.0,946.0,174.0,56,345.0,427.0
362179,689057,True,38.49735863,-122.702297,825.0,1022.0,153.0,47,197.0,672.0
688468,1023767,True,38.49872386,-122.7008429,745.0,850.0,48.0,48,105.0,697.0
606740,1334839,True,38.49735769,-122.6984755,852.0,959.0,29.0,43,107.0,823.0
438600,1193400,False,38.50053441,-122.6867276,957.0,1324.0,54.0,32,367.0,903.0
45955,52339,True,38.49867627,-122.6882038,-1.0,-1.0,-1.0,30,1701.0,-1.0
371320,417901,True,38.500125,-122.6872022,726.0,1035.0,189.0,33,309.0,537.0
602881,41222,False,38.49885027,-122.6828754,655.0,1466.0,294.0,37,811.0,361.0
427380,10200,False,38.50046863,-122.6848885,-1.0,-1.0,80.0,34,1491.0,-1.0
862589,462940,True,38.49912369,-122.6851553,1008.0,1477.0,290.0,34,469.0,718.0
515920,428726,True,38.497184,-122.659278,-1.0,-1.0,-1.0,1,805.0,-1.0
307670,153969,False,38.50916569,-122.6775093,850.0,1073.0,51.0,8,223.0,799.0
1100434,1576830,True,38.50585553,-122.678062,930.0,1233.0,179.0,18,303.0,751.0
476104,239349,False,38.50607981,-122.6713963,330.0,548.0,22.0,8,218.0,308.0
334941,111301,True,38.50111319,-122.6846631,497.0,1081.0,97.0,34,584.0,400.0
242580,346545,False,38.49998026,-122.6861367,332.0,576.0,30.0,32,244.0,302.0
565762,621395,True,38.50162902,-122.6873817,623.0,1099.0,161.0,31,476.0,462.0
156409,256023,True,38.50307542,-122.6873977,736.0,1130.0,183.0,32,394.0,553.0
109927,305964,True,38.50472938,-122.6883381,380.0,682.0,51.0,29,302.0,329.0
295161,494836,True,38.5020787,-122.6854676,513.0,1305.0,119.0,35,792.0,394.0
453798,15300,False,38.501279,-122.6860133,-1.0,-1.0,-1.0,32,759.0,-1.0
26924,177334,True,38.50614409,-122.6897001,-1.0,-1.0,111.0,26,388.0,-1.0
124770,385027,False,38.50550681,-122.6874526,518.0,645.0,41.0,27,127.0,477.0
400235,277569,True,38.50727388,-122.6883836,210.0,401.0,41.0,22,191.0,169.0
720056,15767,False,38.50884981,-122.6892366,-1.0,-1.0,574.0,19,791.0,-1.0
1051178,78837,False,38.51006577,-122.6916491,-1.0,-1.0,400.0,18,716.0,-1.0
900000,50000,False,38.51111184,-122.6927183,-1.0,-1.0,334.0,20,1137.0,-1.0
166541,165958,True,38.51102148,-122.6940486,539.0,883.0,-1.0,21,344.0,712.0
66150,253967,True,38.51398141,-122.6960185,392.0,679.0,-1.0,18,287.0,508.0
537170,586449,True,38.51304744,-122.7013084,498.0,1479.0,62.0,20,981.0,436.0
179223,279033,True,38.51534297,-122.6975838,400.0,737.0,64.0,20,337.0,336.0
225692,439357,False,38.5166705,-122.6965548,802.0,1154.0,156.0,17,352.0,646.0
68863,342625,False,38.51857891,-122.6974404,1109.0,1228.0,126.0,17,119.0,983.0
762000,763000,True,38.52072105,-122.7015115,442.0,863.0,37.0,23,421.0,405.0
1226118,1256671,True,38.51619366,-122.6893868,632.0,1206.0,204.0,10,574.0,428.0
288569,368609,True,38.51325855,-122.6870329,695.0,1044.0,168.0,11,349.0,527.0
364030,917561,False,38.5185583,-122.699235,1440.0,1623.0,90.0,22,183.0,1350.0
625187,207400,False,38.52161307,-122.7029258,741.0,1233.0,167.0,28,492.0,574.0
138132,622246,True,38.51497562,-122.692655,1026.0,1225.0,28.0,16,199.0,998.0
64853,127355,True,38.4849745,-122.669418,526.0,842.0,110.0,15,316.0,416.0
156766,451307,True,38.48514474,-122.6756727,-1.0,-1.0,163.0,30,357.0,-1.0
307081,300256,True,38.48515335,-122.6741486,356.0,701.0,60.0,28,345.0,296.0
161667,146004,False,38.48515694,-122.6736339,522.0,1036.0,164.0,25,514.0,358.0
183972,165571,True,38.49783874,-122.6852893,203.0,430.0,-1.0,33,227.0,259.0
160151,80715,True,38.49726702,-122.6851708,609.0,1262.0,92.0,32,653.0,517.0
156766,285750,False,38.49745268,-122.6837956,889.0,1077.0,31.0,34,188.0,858.0
234600,10200,False,38.49696466,-122.6844704,-1.0,-1.0,166.0,33,1230.0,-1.0
301443,451395,True,38.49713875,-122.6847919,545.0,741.0,65.0,32,196.0,480.0
30179,105480,True,38.49814547,-122.682867,-1.0,-1.0,-1.0,37,434.0,-1.0
418158,371518,True,38.48420064,-122.6818989,727.0,1126.0,124.0,23,399.0,603.0
346888,156903,True,38.48376575,-122.6818612,560.0,1108.0,99.0,23,548.0,461.0
450710,585927,False,38.48330371,-122.6814745,363.0,786.0,69.0,23,423.0,294.0
548695,457220,False,38.48314422,-122.6825359,820.0,990.0,110.0,20,170.0,710.0
382825,610909,True,38.48255159,-122.6824697,474.0,827.0,138.0,20,353.0,336.0
702165,1081140,False,38.4838571,-122.6852179,975.0,1135.0,126.0,19,160.0,849.0
19004,129892,True,38.48551118,-122.6810927,551.0,890.0,88.0,29,339.0,463.0
150458,320179,True,38.48551438,-122.6805352,482.0,727.0,41.0,29,245.0,441.0
170216,323386,True,38.48549844,-122.6794873,-1.0,-1.0,44.0,29,336.0,-1.0
110373,394763,True,38.48547515,-122.6785151,574.0,1119.0,170.0,29,545.0,404.0
255284,416609,True,38.48501154,-122.6808896,500.0,633.0,115.0,28,133.0,385.0
285600,10200,False,38.48465787,-122.6798837,-1.0,-1.0,-1.0,26,1681.0,-1.0
110373,303560,True,38.48431956,-122.6799031,840.0,1176.0,57.0,26,336.0,783.0
19384,94026,False,38.4843957,-122.6808336,568.0,1046.0,159.0,26,478.0,409.0
468918,846357,True,38.48414177,-122.6808977,870.0,1212.0,359.0,26,342.0,511.0
19384,158943,True,38.48379599,-122.6809554,862.0,941.0,161.0,26,79.0,701.0
147250,326886,True,38.49620125,-122.6983221,-1.0,-1.0,66.0,42,227.0,-1.0
398999,661094,True,38.49618213,-122.7006071,577.0,1315.0,115.0,46,738.0,462.0
112826,287213,True,38.49614725,-122.6990976,393.0,773.0,181.0,43,380.0,212.0
54415,158999,True,38.4963275,-122.7020494,405.0,930.0,157.0,46,525.0,248.0
315000,394562,False,38.49471778,-122.7029391,-1.0,-1.0,57.0,45,373.0,-1.0
260036,406294,True,38.49514345,-122.7029775,550.0,871.0,163.0,47,321.0,387.0
409445,421152,True,38.49405387,-122.7030226,656.0,1169.0,174.0,43,513.0,482.0
313000,463047,True,38.49341709,-122.703181,-1.0,-1.0,63.0,38,223.0,-1.0
85041,241625,True,38.49521781,-122.7016653,640.0,1021.0,89.0,45,381.0,551.0
155791,164957,False,38.49329002,-122.7017175,-1.0,-1.0,45.0,36,580.0,-1.0
391614,257641,False,38.49421996,-122.7002021,904.0,1184.0,101.0,41,280.0,803.0
112826,364156,True,38.49533562,-122.6991347,896.0,1192.0,85.0,42,296.0,811.0
163983,245975,True,38.49632603,-122.7042266,-1.0,-1.0,92.0,49,1175.0,-1.0
349000,1050000,False,38.4957201,-122.7021691,340.0,1473.0,94.0,46,1133.0,246.0
224146,309307,True,38.49419339,-122.7012208,1310.0,1606.0,54.0,42,296.0,1256.0
289665,398581,True,38.50176733,-122.7011882,466.0,847.0,155.0,49,381.0,311.0
546823,458322,False,38.50134072,-122.6978381,405.0,973.0,323.0,43,568.0,82.0
24243,99702,True,38.50185572,-122.7019549,-1.0,-1.0,-1.0,50,540.0,-1.0
53352,220601,True,38.48766851,-122.6772297,538.0,770.0,22.0,34,232.0,516.0
306000,10200,False,38.50063794,-122.6992391,547.0,1730.0,161.0,47,1183.0,386.0
29092,30396,True,38.49991907,-122.6996544,-1.0,-1.0,142.0,49,407.0,-1.0
270300,10200,True,38.5011823,-122.700556,-1.0,-1.0,106.0,51,1422.0,-1.0
305000,412718,True,38.50073513,-122.7008506,711.0,1043.0,159.0,50,332.0,552.0
1148327,1527794,False,38.50883133,-122.6974069,303.0,682.0,126.0,25,379.0,177.0
75313,227307,True,38.50575825,-122.6996574,662.0,1133.0,139.0,39,471.0,523.0
1748425,232551,True,38.50768762,-122.700614,584.0,891.0,44.0,40,307.0,540.0
309570,10200,False,38.49927388,-122.7040151,492.0,1779.0,60.0,54,1287.0,432.0
108377,99448,True,38.49979253,-122.7031186,-1.0,-1.0,133.0,54,583.0,-1.0
316254,754150,True,38.50039703,-122.7031587,499.0,687.0,44.0,54,188.0,455.0
348465,927510,True,38.49956991,-122.7018536,370.0,892.0,76.0,50,522.0,294.0
300000,402249,True,38.49831405,-122.7027468,-1.0,-1.0,97.0,52,213.0,-1.0
412226,736855,False,38.50270615,-122.703459,441.0,631.0,36.0,58,190.0,405.0
385000,171024,True,38.50281111,-122.7041738,769.0,953.0,109.0,57,184.0,660.0
329781,20611,False,38.5034049,-122.7044157,-1.0,-1.0,169.0,54,1470.0,-1.0
295898,390587,False,38.50181858,-122.7026356,442.0,765.0,61.0,56,323.0,381.0
260434,53153,True,38.50105251,-122.7020743,-1.0,-1.0,111.0,52,548.0,-1.0
29092,156721,True,38.50182822,-122.7032937,483.0,878.0,123.0,56,395.0,360.0
340680,10200,False,38.50109707,-122.704288,-1.0,-1.0,-1.0,57,1326.0,-1.0
396381,368072,False,38.50069779,-122.7042614,609.0,869.0,89.0,55,260.0,520.0
331406,246128,True,38.50027974,-122.7042847,826.0,1119.0,57.0,55,293.0,769.0
187650,75375,True,38.49746732,-122.6812704,-1.0,-1.0,250.0,38,680.0,-1.0
191398,646678,False,38.4990767,-122.679463,717.0,962.0,181.0,34,245.0,536.0
682414,824453,True,38.50041102,-122.6810069,631.0,994.0,67.0,36,363.0,564.0
820234,350840,False,38.50104605,-122.6792432,627.0,854.0,28.0,29,227.0,599.0
580068,973159,False,38.50027916,-122.6763017,617.0,820.0,108.0,19,203.0,509.0
571519,1343918,True,38.50221225,-122.6717197,754.0,1002.0,101.0,10,248.0,653.0
937252,897463,False,38.49811525,-122.6753816,410.0,629.0,39.0,18,219.0,371.0
111905,550104,True,38.50061541,-122.6778021,-1.0,-1.0,48.0,27,245.0,-1.0
693091,1642167,True,38.50145981,-122.7072784,726.0,973.0,95.0,50,247.0,631.0
490000,755451,True,38.50048499,-122.7075248,-1.0,-1.0,202.0,51,457.0,-1.0
215072,137880,True,38.50034708,-122.7104745,-1.0,-1.0,381.0,35,927.0,-1.0
577895,160095,False,38.50305519,-122.7124467,-1.0,-1.0,237.0,33,379.0,-1.0
673200,51000,False,38.5030707,-122.7060468,-1.0,-1.0,-1.0,58,626.0,-1.0
619000,1500000,False,38.50210889,-122.7103217,773.0,993.0,194.0,39,220.0,579.0
170850,388980,False,38.50001863,-122.7085361,582.0,889.0,57.0,48,307.0,525.0
154231,210856,True,38.48816793,-122.6622117,231.0,539.0,111.0,6,308.0,120.0
268572,108855,True,38.48841194,-122.6634622,-1.0,-1.0,-1.0,6,1770.0,-1.0
78081,198288,False,38.48916863,-122.6644345,323.0,548.0,142.0,6,225.0,181.0
600000,1000000,False,38.49870265,-122.6948132,1092.0,1301.0,60.0,35,209.0,1032.0
623915,757996,False,38.51560753,-122.7423146,466.0,960.0,103.0,19,494.0,363.0
369327,627866,True,38.51717645,-122.7445944,434.0,820.0,63.0,16,386.0,371.0
401931,515816,True,38.51242955,-122.7420885,443.0,954.0,108.0,29,511.0,335.0
357000,1530000,False,38.51295671,-122.7427456,541.0,1214.0,58.0,26,673.0,483.0
337490,151869,True,38.51312535,-122.7438982,736.0,1178.0,77.0,26,442.0,659.0
255000,765000,False,38.51337631,-122.742051,788.0,1091.0,630.0,27,303.0,158.0
82909,307957,True,38.51337181,-122.745466,728.0,994.0,97.0,23,266.0,631.0
328093,501590,False,38.5132282,-122.7459431,483.0,591.0,60.0,23,108.0,423.0
245415,107279,False,38.51150395,-122.7474178,1072.0,1603.0,128.0,39,531.0,944.0
207487,367871,False,38.51091487,-122.7472551,645.0,989.0,218.0,44,344.0,427.0
175709,239165,True,38.50968696,-122.7460008,539.0,1095.0,82.0,80,556.0,457.0
32332,140915,True,38.51083712,-122.7463413,555.0,884.0,-1.0,44,329.0,-1.0
300000,446955,True,38.51042031,-122.7460198,473.0,616.0,28.0,55,143.0,445.0
177269,273299,True,38.51063847,-122.7426637,442.0,784.0,36.0,55,342.0,406.0
169882,485583,False,38.51177767,-122.7439469,549.0,769.0,143.0,38,220.0,406.0
398295,543136,True,38.51038199,-122.7412246,608.0,996.0,87.0,66,388.0,521.0
195961,347365,True,38.50649868,-122.7476161,212.0,640.0,44.0,193,428.0,168.0
48121,182857,True,38.50595194,-122.7471581,457.0,856.0,142.0,208,399.0,315.0
246000,131090,False,38.50650049,-122.7485342,801.0,1126.0,235.0,193,325.0,566.0
320000,459158,False,38.50700865,-122.7436334,1231.0,1353.0,131.0,188,122.0,1100.0
306000,867000,False,38.50470363,-122.7449217,693.0,884.0,431.0,234,191.0,262.0
212857,462218,False,38.50388986,-122.745004,350.0,883.0,111.0,249,533.0,239.0
173027,338541,False,38.5037231,-122.7447407,335.0,804.0,103.0,254,469.0,232.0
298864,793536,False,38.50358933,-122.7444649,282.0,694.0,120.0,257,412.0,162.0
188075,288739,True,38.50351015,-122.7437904,-1.0,-1.0,37.0,265,566.0,-1.0
207127,386651,True,38.50374746,-122.7435347,453.0,629.0,28.0,259,176.0,425.0
173361,132625,True,38.50407643,-122.7437107,747.0,1135.0,-1.0,253,388.0,-1.0
160167,280500,False,38.50409315,-122.7440625,1078.0,1480.0,196.0,251,402.0,882.0
187125,385482,False,38.50412702,-122.7443366,311.0,881.0,-1.0,248,570.0,501.0
272957,627821,True,38.50432615,-122.7444083,286.0,595.0,21.0,241,309.0,265.0
165502,398733,True,38.50454556,-122.7443334,719.0,1112.0,82.0,241,393.0,637.0
279971,493541,False,38.5043408,-122.7427641,443.0,610.0,128.0,246,167.0,315.0
306000,721140,False,38.50416035,-122.7421641,476.0,1073.0,111.0,253,597.0,365.0
391374,729932,False,38.50415353,-122.741879,393.0,640.0,137.0,254,247.0,256.0
160086,515084,True,38.50374198,-122.7426905,387.0,932.0,29.0,261,545.0,358.0
224099,397983,False,38.50408783,-122.7451043,358.0,714.0,50.0,247,356.0,308.0
135411,306190,True,38.50430004,-122.7450759,288.0,673.0,-1.0,239,385.0,603.0
241000,63000,False,38.50695171,-122.7416475,890.0,1240.0,198.0,193,350.0,692.0
156766,77600,True,38.5064468,-122.7421459,922.0,1240.0,230.0,206,318.0,692.0
408000,902700,False,38.50561218,-122.7371592,473.0,1000.0,84.0,111,527.0,389.0
258120,199814,True,38.51371168,-122.7337914,435.0,1109.0,253.0,14,674.0,182.0
317665,620554,False,38.50907317,-122.7394106,475.0,693.0,47.0,104,218.0,428.0
241152,155947,False,38.51428152,-122.735974,672.0,1114.0,162.0,22,442.0,510.0
415511,27340,False,38.51104483,-122.7360593,-1.0,-1.0,-1.0,34,814.0,-1.0
298656,761416,True,38.37708958,-122.6043712,964.0,1315.0,219.0,2,351.0,745.0
408134,1179236,False,38.37368318,-122.6306056,719.0,1001.0,50.0,2,282.0,669.0
530000,33000,False,38.36151848,-122.635431,-1.0,-1.0,177.0,3,686.0,-1.0
408416,80289,True,38.36442188,-122.6370353,645.0,1200.0,92.0,3,555.0,553.0
117504,107398,False,38.36066668,-122.6363894,-1.0,-1.0,67.0,3,178.0,-1.0
332160,185667,True,38.37548694,-122.6276027,660.0,1073.0,126.0,2,413.0,534.0
491984,596072,False,38.40414578,-122.576268,-1.0,-1.0,-1.0,9,630.0,-1.0
79975,20174,False,38.40686144,-122.577379,-1.0,-1.0,43.0,4,231.0,-1.0
230545,76845,True,38.39599147,-122.5777102,1240.0,1477.0,102.0,7,237.0,1138.0
1227069,1617501,False,38.39616464,-122.5787392,501.0,647.0,60.0,8,146.0,441.0
874918,1579531,False,38.39617565,-122.5797477,505.0,1164.0,195.0,8,659.0,310.0
42036,447275,True,38.40243221,-122.5773554,603.0,980.0,214.0,9,377.0,389.0
25851,5819,True,38.39813088,-122.5750734,-1.0,-1.0,115.0,10,224.0,-1.0
346660,446061,False,38.39671495,-122.5758858,733.0,966.0,224.0,10,233.0,509.0
74803,411254,True,38.40267945,-122.5694495,501.0,950.0,27.0,9,449.0,474.0
101421,234989,True,38.4043252,-122.5692538,-1.0,-1.0,61.0,7,255.0,-1.0
2470033,477770,False,38.40645045,-122.5660843,617.0,819.0,119.0,8,202.0,498.0
115498,261486,True,38.41487655,-122.559393,423.0,1080.0,46.0,22,657.0,377.0
11494,318301,True,38.41287304,-122.5597314,786.0,1080.0,41.0,19,294.0,745.0
590567,1096172,False,38.41728382,-122.5598122,481.0,776.0,43.0,21,295.0,438.0
515101,998131,True,38.41698162,-122.5589737,548.0,736.0,109.0,20,188.0,439.0
613534,781517,False,38.41677088,-122.5584891,-1.0,-1.0,60.0,20,185.0,-1.0
398295,54529,False,38.4172153,-122.5581129,-1.0,-1.0,144.0,21,255.0,-1.0
28299,179440,True,38.41898846,-122.5569899,371.0,610.0,49.0,24,239.0,322.0
245413,385930,True,38.42013359,-122.557095,608.0,980.0,145.0,25,372.0,463.0
354986,631331,True,38.4203823,-122.5567596,557.0,1007.0,99.0,25,450.0,458.0
56591,300082,True,38.41985411,-122.5564435,434.0,647.0,108.0,24,213.0,326.0
113390,244491,True,38.41959222,-122.5561298,-1.0,-1.0,48.0,24,189.0,-1.0
524949,969034,False,38.41934832,-122.5558376,453.0,713.0,50.0,24,260.0,403.0
385992,578988,False,38.41870067,-122.5590275,31.0,986.0,31.0,22,955.0,0.0
1182162,1501362,False,38.40827926,-122.5607508,404.0,587.0,23.0,7,183.0,381.0
601863,111345,False,38.40960553,-122.5602122,950.0,1373.0,146.0,11,423.0,804.0
1122000,204000,False,38.40715947,-122.5607459,-1.0,-1.0,-1.0,7,1575.0,-1.0
561088,86700,True,38.40371009,-122.5626758,925.0,1190.0,66.0,7,265.0,859.0
601800,20400,False,38.42070441,-122.5563837,-1.0,-1.0,324.0,25,1338.0,-1.0
693091,1040657,False,38.42105855,-122.5558941,454.0,939.0,95.0,24,485.0,359.0
489583,620678,True,38.42143811,-122.5554209,475.0,708.0,83.0,24,233.0,392.0
196317,291299,False,38.42189402,-122.5544515,784.0,1130.0,70.0,25,346.0,714.0
271634,603920,False,38.4215396,-122.5540886,583.0,1004.0,159.0,24,421.0,424.0
43523,152390,True,38.42052351,-122.5551144,139.0,483.0,-1.0,25,344.0,312.0
69680,217087,True,38.43082664,-122.5545943,502.0,771.0,49.0,10,269.0,453.0
102568,291444,True,38.43118845,-122.5544786,581.0,923.0,114.0,10,342.0,467.0
40743,139928,True,38.42624079,-122.5531603,200.0,724.0,30.0,23,524.0,170.0
39952,209153,True,38.42554281,-122.5537461,609.0,1025.0,200.0,23,416.0,409.0
478244,285668,False,38.42520615,-122.5529747,805.0,1158.0,227.0,25,353.0,578.0
736855,15458,False,38.42694135,-122.5529357,-1.0,-1.0,-1.0,22,1142.0,-1.0
133341,10055,False,38.42979281,-122.5553138,-1.0,-1.0,271.0,11,423.0,-1.0
1066303,888696,True,38.4281045,-122.5589833,640.0,965.0,103.0,17,325.0,537.0
117132,176474,False,38.43233139,-122.5502456,323.0,1290.0,90.0,9,967.0,233.0
216438,875186,False,38.42676293,-122.5518218,728.0,982.0,111.0,22,254.0,617.0
2455554,626862,False,38.39290934,-122.4918453,1007.0,1206.0,381.0,2,199.0,626.0
162894,338485,False,38.38482739,-122.4835867,543.0,868.0,175.0,3,325.0,368.0
1004589,8234,False,38.3876222,-122.4612898,-1.0,-1.0,-1.0,1,497.0,-1.0
367911,27824,False,38.37303987,-122.462936,1022.0,1773.0,375.0,3,751.0,647.0
50954,121251,False,38.36838817,-122.4667012,478.0,1099.0,162.0,3,621.0,316.0
656986,52558,False,38.36967268,-122.464206,1120.0,1478.0,104.0,3,358.0,1016.0
653004,1218958,True,38.37747633,-122.5080744,407.0,1127.0,134.0,3,720.0,273.0
2517181,175053,False,38.38523769,-122.5086302,437.0,1206.0,108.0,3,769.0,329.0
218468,187214,True,38.37887516,-122.5181005,624.0,1093.0,111.0,21,469.0,513.0
404436,219601,True,38.37782703,-122.5178628,1119.0,1262.0,62.0,20,143.0,1057.0
1261607,1050374,False,38.37793859,-122.5151764,685.0,1365.0,106.0,20,680.0,579.0
275961,836353,True,38.37537452,-122.5163095,697.0,763.0,98.0,14,66.0,599.0
1270695,476764,False,38.37191622,-122.5252153,-1.0,-1.0,715.0,26,735.0,-1.0
694378,893074,True,38.38616234,-122.5223751,529.0,777.0,69.0,17,248.0,460.0
376569,150000,True,38.38511735,-122.5255844,-1.0,-1.0,476.0,16,122.0,-1.0
1044358,1355890,False,38.37224192,-122.532551,762.0,888.0,87.0,23,126.0,675.0
679515,489133,True,38.38534342,-122.5191573,452.0,647.0,70.0,19,195.0,382.0
390429,828293,False,38.3852019,-122.5184616,727.0,1014.0,139.0,19,287.0,588.0
535910,567635,True,38.38420488,-122.5189245,533.0,1116.0,61.0,19,583.0,472.0
414922,626979,True,38.38454965,-122.5181214,879.0,1399.0,138.0,19,520.0,741.0
20387,123835,True,38.38322976,-122.5206974,561.0,1017.0,50.0,20,456.0,511.0
543273,533704,True,38.38276965,-122.5205452,268.0,736.0,57.0,20,468.0,211.0
656753,632028,True,38.38305268,-122.5197396,705.0,862.0,20.0,20,157.0,685.0
523151,818055,False,38.3823081,-122.5194074,787.0,1080.0,121.0,20,293.0,666.0
20795,58211,True,38.38215502,-122.5199388,749.0,1036.0,51.0,20,287.0,698.0
21919,259894,True,38.38194741,-122.5204813,442.0,701.0,10.0,20,259.0,432.0
417634,564540,True,38.3816882,-122.5170432,594.0,870.0,34.0,19,276.0,560.0
42631,214236,False,38.38081352,-122.5191272,273.0,591.0,95.0,20,318.0,178.0
84019,718467,True,38.38261688,-122.5178183,729.0,1060.0,192.0,20,331.0,537.0
417634,525734,True,38.38269675,-122.5172508,371.0,559.0,43.0,19,188.0,328.0
440640,15300,False,38.3851826,-122.4906129,575.0,1751.0,43.0,4,1176.0,532.0
755266,632491,False,38.38413793,-122.4896241,-1.0,-1.0,301.0,3,1343.0,-1.0
267969,240567,False,38.37432988,-122.5314157,749.0,856.0,76.0,9,107.0,673.0
421912,544834,False,38.37709391,-122.5296117,549.0,804.0,130.0,4,255.0,419.0
995000,700000,False,38.35820774,-122.5307764,1163.0,1365.0,141.0,23,202.0,1022.0
1632000,1428000,False,38.36205238,-122.5315417,399.0,1025.0,89.0,28,626.0,310.0
33291,34641,True,38.35958148,-122.5347416,-1.0,-1.0,26.0,24,274.0,-1.0
1187957,1377335,True,38.36119309,-122.5351603,507.0,730.0,88.0,23,223.0,419.0
144828,225038,False,38.34623042,-122.5106214,260.0,819.0,39.0,1,559.0,221.0
1193086,215491,False,38.36323426,-122.5006869,714.0,1408.0,35.0,2,694.0,679.0
219374,124151,False,38.36261688,-122.5048233,-1.0,-1.0,67.0,2,251.0,-1.0
234565,424301,False,38.36836328,-122.5280861,599.0,973.0,81.0,28,374.0,518.0
265200,10200,False,38.36763887,-122.5303931,-1.0,-1.0,-1.0,28,653.0,-1.0
346064,137190,False,38.36708597,-122.5133762,893.0,1169.0,395.0,1,276.0,498.0
331406,557907,False,38.36497973,-122.5270431,-1.0,-1.0,156.0,29,273.0,-1.0
290700,523260,True,38.36431739,-122.5276561,531.0,887.0,143.0,30,356.0,388.0
150848,384829,False,38.36434111,-122.5278361,762.0,972.0,139.0,30,210.0,623.0
413404,580705,True,38.36438611,-122.5280032,381.0,748.0,62.0,30,367.0,319.0
120361,327463,False,38.36405452,-122.526754,933.0,1116.0,89.0,28,183.0,844.0
9227,151592,False,38.36499034,-122.5267197,189.0,622.0,103.0,28,433.0,86.0
22624,100594,True,38.36469689,-122.5268376,436.0,1078.0,95.0,29,642.0,341.0
29162,175045,True,38.36477466,-122.5275515,528.0,965.0,108.0,30,437.0,420.0
22625,82165,True,38.36469356,-122.5272343,490.0,773.0,236.0,30,283.0,254.0
20097,60325,False,38.36451242,-122.5266632,232.0,637.0,49.0,28,405.0,183.0
404686,285356,True,38.36547246,-122.5278785,399.0,878.0,80.0,30,479.0,319.0
328372,420156,True,38.36639817,-122.5295728,-1.0,-1.0,73.0,30,503.0,-1.0
188280,296027,False,38.36551265,-122.5288754,501.0,713.0,42.0,30,212.0,459.0
306220,586830,True,38.36578921,-122.5306738,493.0,1217.0,238.0,30,724.0,255.0
439602,1131112,False,38.36608024,-122.5308678,633.0,884.0,93.0,30,251.0,540.0
158120,206990,False,38.36575995,-122.5283086,1150.0,1450.0,91.0,30,300.0,1059.0
16158,52208,True,38.36732241,-122.5311612,519.0,792.0,247.0,30,273.0,272.0
412226,1056331,True,38.36686796,-122.5316454,382.0,689.0,66.0,30,307.0,316.0
235155,337082,True,38.36221257,-122.530334,811.0,1105.0,159.0,28,294.0,652.0
317156,555530,False,38.36226428,-122.5308649,393.0,877.0,26.0,28,484.0,367.0
33166,391487,True,38.36056452,-122.5288885,510.0,764.0,46.0,28,254.0,464.0
284680,510572,False,38.35945052,-122.5288181,-1.0,-1.0,121.0,26,295.0,-1.0
313906,247994,True,38.38998798,-122.6036179,445.0,888.0,59.0,21,443.0,386.0
960000,510000,False,38.37276112,-122.5889244,661.0,842.0,-1.0,4,181.0,674.0
1076474,1082051,False,38.37875797,-122.5955371,885.0,1654.0,227.0,5,769.0,658.0
286742,225320,True,38.37735136,-122.5963158,-1.0,-1.0,157.0,5,384.0,-1.0
765550,598221,False,38.37636847,-122.5953805,-1.0,-1.0,-1.0,4,1376.0,-1.0
379773,279026,True,38.38580569,-122.597266,-1.0,-1.0,42.0,16,407.0,-1.0
2731434,2679,False,38.38201556,-122.6038327,-1.0,-1.0,99.0,6,1541.0,-1.0
266307,123092,True,38.38953555,-122.5930537,576.0,841.0,140.0,24,265.0,436.0
31746,122477,False,38.38954966,-122.5942317,630.0,945.0,98.0,26,315.0,532.0
501981,492104,False,38.38812428,-122.5952851,959.0,1123.0,202.0,23,164.0,757.0
165130,318204,True,38.39019853,-122.5953157,841.0,1004.0,69.0,28,163.0,772.0
334934,20611,False,38.38820328,-122.5931306,-1.0,-1.0,224.0,21,801.0,-1.0
39272,68827,True,38.39139612,-122.5947122,898.0,1157.0,170.0,30,259.0,728.0
35086,170546,True,38.38986057,-122.5972033,447.0,884.0,73.0,29,437.0,374.0
510000,1275000,True,38.39320429,-122.5987692,513.0,786.0,44.0,40,273.0,469.0
448800,9180,False,38.39410174,-122.5988193,-1.0,-1.0,119.0,45,1357.0,-1.0
255784,163638,True,38.39590984,-122.6012552,958.0,1289.0,267.0,45,331.0,691.0
187572,543610,True,38.39482634,-122.6012664,756.0,1098.0,142.0,44,342.0,614.0
210563,403126,True,38.39568573,-122.5992322,806.0,996.0,68.0,46,190.0,738.0
624688,954969,True,38.39510196,-122.5982329,408.0,603.0,79.0,46,195.0,329.0
274594,568462,False,38.39714939,-122.6004091,772.0,982.0,71.0,45,210.0,701.0
74438,382774,True,38.3952991,-122.5999018,558.0,952.0,196.0,46,394.0,362.0
600000,1000000,False,38.39230525,-122.5985352,-1.0,-1.0,-1.0,34,246.0,-1.0
573225,454611,True,38.40374621,-122.6040638,710.0,898.0,102.0,25,188.0,608.0
84116,331514,True,38.40256564,-122.6015776,-1.0,-1.0,225.0,32,288.0,-1.0
32334,142388,True,38.40181636,-122.59998,-1.0,-1.0,131.0,34,479.0,-1.0
147355,393633,True,38.40161367,-122.5992327,-1.0,-1.0,85.0,35,188.0,-1.0
468918,486356,True,38.40095014,-122.5999299,1154.0,1469.0,177.0,38,315.0,977.0
54842,264392,True,38.40194736,-122.6029447,884.0,1108.0,115.0,33,224.0,769.0
330000,128024,True,38.40193694,-122.6021194,1356.0,1659.0,223.0,34,303.0,1133.0
30028,166747,True,38.40123403,-122.6009515,-1.0,-1.0,80.0,37,139.0,-1.0
269957,319704,True,38.4005434,-122.6015054,544.0,1072.0,122.0,37,528.0,422.0
290025,313548,True,38.40042655,-122.6007299,642.0,853.0,75.0,38,211.0,567.0
364563,224780,False,38.39805095,-122.6013352,771.0,1226.0,99.0,41,455.0,672.0
195597,43320,True,38.3989891,-122.6005011,-1.0,-1.0,259.0,40,652.0,-1.0
368928,298346,True,38.39981712,-122.601497,528.0,898.0,199.0,38,370.0,329.0
410116,475736,False,38.39723609,-122.5993047,436.0,1044.0,150.0,45,608.0,286.0
581349,74287,False,38.39866717,-122.5992324,819.0,1421.0,146.0,40,602.0,673.0
163735,254095,True,38.39355263,-122.5971643,583.0,820.0,127.0,42,237.0,456.0
188075,439717,True,38.39405282,-122.5973178,638.0,889.0,128.0,45,251.0,510.0
199431,584821,True,38.39590431,-122.596468,563.0,906.0,161.0,47,343.0,402.0
352756,158501,True,38.39480884,-122.596383,1003.0,1485.0,213.0,46,482.0,790.0
27703,245359,True,38.39367685,-122.5960917,717.0,996.0,92.0,43,279.0,625.0
38850,158729,True,38.39726436,-122.5984103,599.0,892.0,283.0,45,293.0,316.0
400000,675000,False,38.39784045,-122.5983221,394.0,933.0,87.0,43,539.0,307.0
277670,485326,True,38.39960336,-122.5969258,510.0,947.0,215.0,39,437.0,295.0
203952,331445,False,38.4013741,-122.5985618,805.0,1036.0,254.0,36,231.0,551.0
203065,483772,True,38.40105457,-122.5978609,802.0,976.0,115.0,38,174.0,687.0
32332,86920,True,38.40070603,-122.5971218,-1.0,-1.0,104.0,38,308.0,-1.0
38850,476197,True,38.40036218,-122.5964913,-1.0,-1.0,-1.0,38,248.0,-1.0
32687,242274,True,38.40005168,-122.5959726,752.0,1025.0,203.0,38,273.0,549.0
149398,73783,False,38.3928199,-122.5753726,-1.0,-1.0,114.0,6,339.0,-1.0
535910,302124,False,38.39326664,-122.5933808,377.0,680.0,309.0,38,303.0,68.0
412226,417378,False,38.39556147,-122.5947158,-1.0,-1.0,-1.0,44,287.0,-1.0
304086,356301,False,38.48281857,-122.8181266,813.0,1031.0,196.0,1,218.0,617.0
223901,703095,False,38.48558804,-122.7280235,-1.0,-1.0,107.0,3,266.0,-1.0
181036,280975,True,38.48307308,-122.75019,458.0,741.0,77.0,11,283.0,381.0
13550,127120,True,38.48341629,-122.750195,359.0,571.0,6.0,11,212.0,353.0
310097,566811,True,38.48375951,-122.7502001,372.0,731.0,64.0,11,359.0,308.0
363870,496717,True,38.48410272,-122.7502052,648.0,811.0,103.0,11,163.0,545.0
64018,313069,False,38.48316382,-122.7509613,523.0,1002.0,137.0,11,479.0,386.0
245413,76975,True,38.48862068,-122.7478691,-1.0,-1.0,17.0,93,266.0,-1.0
232796,510559,True,38.48862395,-122.7490484,450.0,590.0,78.0,93,140.0,372.0
258526,797985,True,38.48862932,-122.7505214,467.0,721.0,272.0,87,254.0,195.0
20290,152697,True,38.4954268,-122.7476927,1004.0,1465.0,102.0,287,461.0,902.0
375319,614367,True,38.48971358,-122.7489295,417.0,665.0,53.0,118,248.0,364.0
195433,321446,False,38.49203846,-122.7370511,341.0,603.0,96.0,94,262.0,245.0
170216,50043,False,38.49256767,-122.7367749,762.0,1169.0,188.0,92,407.0,574.0
143552,221245,True,38.4962774,-122.7411974,559.0,841.0,61.0,304,282.0,498.0
94361,70140,True,38.49585429,-122.7412687,509.0,693.0,56.0,297,184.0,453.0
433180,733783,True,38.49692163,-122.7358121,827.0,1064.0,199.0,81,237.0,628.0
176825,156422,True,38.50122639,-122.7375363,-1.0,-1.0,518.0,171,552.0,-1.0
197110,107420,True,38.5016636,-122.734742,-1.0,-1.0,8.0,58,231.0,-1.0
763332,648967,True,38.49882421,-122.7376554,790.0,1058.0,70.0,184,268.0,720.0
225692,198879,True,38.50086649,-122.7363685,626.0,1185.0,38.0,111,559.0,588.0
365991,853784,True,38.50297141,-122.7339699,589.0,833.0,50.0,39,244.0,539.0
182016,400377,False,38.5029554,-122.736902,532.0,988.0,139.0,127,456.0,393.0
238838,416826,True,38.50323289,-122.7364228,-1.0,-1.0,85.0,106,266.0,-1.0
303418,582632,True,38.50338774,-122.7361576,895.0,1120.0,79.0,95,225.0,816.0
272957,453201,False,38.50414284,-122.7350052,-1.0,-1.0,55.0,58,191.0,-1.0
13603,193088,True,38.49196358,-122.7320921,546.0,1098.0,158.0,7,552.0,388.0
319739,1562749,False,38.49300152,-122.7278032,-1.0,-1.0,134.0,3,1227.0,-1.0
16616,87881,True,38.4983447,-122.749773,374.0,605.0,83.0,285,231.0,291.0
144132,663000,False,38.49780591,-122.7502276,425.0,981.0,101.0,275,556.0,324.0
236803,373645,True,38.50006955,-122.7418061,295.0,1305.0,54.0,317,1010.0,241.0
249873,446953,True,38.49982316,-122.7421004,632.0,939.0,36.0,317,307.0,596.0
247026,618340,False,38.50010488,-122.7439764,156.0,772.0,21.0,313,616.0,135.0
16158,59394,True,38.50058813,-122.7432615,221.0,370.0,76.0,313,149.0,145.0
234456,620911,True,38.50049094,-122.7429021,309.0,624.0,34.0,315,315.0,275.0
135411,322565,True,38.50036461,-122.7425503,297.0,521.0,24.0,316,224.0,273.0
207707,332005,False,38.49944327,-122.7443764,234.0,506.0,-1.0,312,272.0,335.0
16158,49659,True,38.49889909,-122.7443838,399.0,954.0,132.0,310,555.0,267.0
204718,397626,True,38.49909983,-122.7439924,-1.0,-1.0,153.0,314,357.0,-1.0
138686,259180,True,38.4995277,-122.7436653,349.0,562.0,47.0,315,213.0,302.0
135411,181121,True,38.4994018,-122.7432618,390.0,538.0,91.0,315,148.0,299.0
243615,270067,False,38.49962816,-122.7409674,418.0,776.0,63.0,314,358.0,355.0
321540,458406,True,38.49946716,-122.7416372,886.0,1133.0,85.0,317,247.0,801.0
234037,454117,False,38.49930365,-122.7419679,487.0,965.0,106.0,318,478.0,381.0
84434,168885,False,38.49918488,-122.7422876,-1.0,-1.0,-1.0,318,286.0,-1.0
248487,308448,True,38.49878333,-122.7432613,457.0,1010.0,153.0,313,553.0,304.0
265200,555900,True,38.49862533,-122.7437995,480.0,892.0,86.0,313,412.0,394.0
42673,127497,True,38.49822082,-122.7433899,550.0,654.0,129.0,310,104.0,421.0
13391,44104,True,38.49813626,-122.7427413,499.0,1018.0,56.0,312,519.0,443.0
132949,271083,True,38.49808846,-122.742413,465.0,682.0,98.0,312,217.0,367.0
265200,102000,True,38.49798664,-122.7420318,967.0,1339.0,92.0,311,372.0,875.0
138323,577117,False,38.49806312,-122.7417236,456.0,868.0,121.0,311,412.0,335.0
87848,163485,True,38.4984,-122.7417259,325.0,682.0,78.0,311,357.0,247.0
132949,186875,True,38.49868094,-122.7416646,491.0,945.0,128.0,315,454.0,363.0
107704,46642,True,38.49915082,-122.7411133,937.0,1302.0,90.0,314,365.0,847.0
268406,450483,False,38.49893311,-122.74114,230.0,407.0,46.0,312,177.0,184.0
303418,554992,True,38.49872912,-122.7411404,280.0,517.0,70.0,312,237.0,210.0
284058,485502,False,38.49852565,-122.7411527,483.0,996.0,64.0,312,513.0,419.0
27241,44105,False,38.49819976,-122.7411918,595.0,987.0,86.0,308,392.0,509.0
26110,294329,False,38.49802682,-122.7446805,316.0,514.0,70.0,306,198.0,246.0
287627,430894,True,38.49799635,-122.7443876,429.0,681.0,49.0,307,252.0,380.0
16158,121274,True,38.49797528,-122.7440571,-1.0,-1.0,53.0,309,185.0,-1.0
248487,436583,False,38.49754021,-122.7437275,721.0,989.0,369.0,309,268.0,352.0
65634,190258,True,38.49620909,-122.7431369,404.0,622.0,-1.0,307,218.0,-1.0
228717,315743,True,38.49656116,-122.7431122,591.0,874.0,88.0,311,283.0,503.0
184433,152019,True,38.49724735,-122.7432022,-1.0,-1.0,94.0,309,207.0,-1.0
33461,152758,True,38.49772549,-122.7426924,269.0,741.0,125.0,311,472.0,144.0
53347,147616,True,38.49764026,-122.7423724,629.0,1029.0,159.0,312,400.0,470.0
53354,135532,True,38.49764267,-122.7419921,-1.0,-1.0,117.0,311,225.0,-1.0
16158,25215,False,38.49688583,-122.7422262,1123.0,1591.0,-1.0,310,468.0,-1.0
16158,81121,True,38.49627354,-122.7426203,332.0,521.0,72.0,309,189.0,260.0
16158,166839,False,38.49629938,-122.7419901,718.0,1039.0,225.0,307,321.0,493.0
255000,846600,True,38.49688771,-122.7417072,464.0,1130.0,100.0,310,666.0,364.0
146007,368446,True,38.49708119,-122.7415529,320.0,484.0,31.0,310,164.0,289.0
14781,91005,False,38.49726966,-122.7413554,-1.0,-1.0,16.0,309,218.0,-1.0
245662,114642,True,38.4945631,-122.7423475,651.0,1200.0,124.0,281,549.0,527.0
16616,71147,False,38.49483803,-122.7423401,649.0,974.0,266.0,288,325.0,383.0
80445,170964,False,38.49509979,-122.7423681,649.0,974.0,266.0,290,325.0,383.0
134722,150573,True,38.49575881,-122.742589,345.0,624.0,77.0,301,279.0,268.0
215178,548135,False,38.49346336,-122.7423772,389.0,741.0,39.0,240,352.0,350.0
150458,241658,True,38.4964349,-122.7444891,386.0,700.0,116.0,306,314.0,270.0
15453,170770,True,38.4961926,-122.7444869,472.0,951.0,67.0,303,479.0,405.0
50205,250572,False,38.49580105,-122.7442299,-1.0,-1.0,52.0,298,287.0,-1.0
35210,80217,True,38.49559885,-122.7440543,644.0,1231.0,41.0,296,587.0,603.0
298864,627615,False,38.49543066,-122.7438587,410.0,623.0,33.0,294,213.0,377.0
164773,262622,True,38.49534754,-122.7435715,486.0,713.0,146.0,294,227.0,340.0
153864,181090,False,38.49556668,-122.7459279,301.0,619.0,55.0,287,318.0,246.0
275000,895000,False,38.4961234,-122.7452337,480.0,762.0,-1.0,297,282.0,-1.0
224400,581400,True,38.49520729,-122.7455053,445.0,776.0,48.0,288,331.0,397.0
14529,64661,True,38.49537515,-122.7452903,576.0,939.0,135.0,289,363.0,441.0
317156,549317,True,38.4955413,-122.7450737,310.0,628.0,52.0,289,318.0,258.0
153864,398991,False,38.49571308,-122.7448564,280.0,598.0,39.0,292,318.0,241.0
53354,168922,True,38.49541193,-122.7446264,717.0,1056.0,320.0,292,339.0,397.0
106090,265346,True,38.49515697,-122.7444052,272.0,589.0,36.0,289,317.0,236.0
15846,127473,True,38.49494553,-122.7441739,480.0,815.0,49.0,288,335.0,431.0
315235,558826,True,38.49482076,-122.7439161,372.0,485.0,-1.0,287,113.0,-1.0
16158,109330,True,38.49493142,-122.7433278,344.0,616.0,43.0,288,272.0,301.0
210412,458216,True,38.49503745,-122.7430828,268.0,463.0,36.0,290,195.0,232.0
306000,624240,False,38.49518611,-122.7428535,740.0,1098.0,264.0,290,358.0,476.0
212354,85607,True,38.49546221,-122.7427341,461.0,674.0,145.0,296,213.0,316.0
249154,572426,False,38.49508801,-122.7450353,331.0,493.0,6.0,287,162.0,325.0
194777,142800,False,38.49787771,-122.7456027,134.0,1102.0,61.0,300,968.0,73.0
261926,418107,True,38.49771847,-122.7459562,949.0,1266.0,208.0,299,317.0,741.0
255000,642600,False,38.49756912,-122.7462749,396.0,1042.0,41.0,300,646.0,355.0
177485,559108,True,38.49718791,-122.7471263,414.0,651.0,25.0,300,237.0,389.0
63718,221493,True,38.49696013,-122.7473433,506.0,885.0,118.0,300,379.0,388.0
142650,292817,True,38.49658663,-122.7470891,-1.0,-1.0,59.0,302,244.0,-1.0
257553,328146,True,38.49655266,-122.7467469,-1.0,-1.0,205.0,302,273.0,-1.0
73579,202372,True,38.49697963,-122.7462719,359.0,597.0,99.0,300,238.0,260.0
334941,460674,True,38.49714812,-122.7460205,-1.0,-1.0,57.0,300,175.0,-1.0
349362,524558,False,38.49733919,-122.7457244,412.0,678.0,83.0,300,266.0,329.0
20387,96365,True,38.49755678,-122.7453524,592.0,867.0,55.0,302,275.0,537.0
302302,453456,False,38.49726124,-122.7446667,256.0,437.0,32.0,305,181.0,224.0
130340,447453,True,38.49726353,-122.7449702,-1.0,-1.0,114.0,303,279.0,-1.0
243615,334106,True,38.49726391,-122.7452706,665.0,1001.0,315.0,302,336.0,350.0
271805,544361,True,38.49710059,-122.7455689,239.0,430.0,48.0,301,191.0,191.0
144828,337881,True,38.49610258,-122.7466004,205.0,359.0,14.0,295,154.0,191.0
136132,196647,True,38.49586236,-122.7462832,-1.0,-1.0,32.0,291,142.0,-1.0
181087,276788,True,38.49596362,-122.7459663,523.0,727.0,125.0,292,204.0,398.0
179903,191028,False,38.4961897,-122.7457241,1049.0,1339.0,234.0,298,290.0,815.0
20795,102091,True,38.49669456,-122.7453773,462.0,853.0,283.0,301,391.0,179.0
321935,524125,False,38.49675931,-122.7440068,491.0,679.0,58.0,308,188.0,433.0
141090,293897,True,38.49604809,-122.7438618,380.0,506.0,107.0,300,126.0,273.0
62454,234133,False,38.49582546,-122.7436284,440.0,647.0,76.0,300,207.0,364.0
289494,608034,False,38.49728968,-122.7437266,418.0,811.0,168.0,309,393.0,250.0
270511,405713,True,38.49700865,-122.7435589,541.0,758.0,-1.0,309,217.0,-1.0
272316,429087,True,38.49670553,-122.7434708,589.0,848.0,128.0,309,259.0,461.0
248758,400480,False,38.49635831,-122.7434724,505.0,693.0,64.0,310,188.0,441.0
153000,255000,True,38.49863664,-122.7495271,587.0,1031.0,280.0,294,444.0,307.0
110373,191698,True,38.50044254,-122.7484145,624.0,861.0,127.0,305,237.0,497.0
208812,515248,True,38.50035279,-122.7481372,311.0,856.0,91.0,305,545.0,220.0
285570,546875,False,38.50027738,-122.7479018,627.0,861.0,138.0,305,234.0,489.0
296725,444868,False,38.50020123,-122.7476658,635.0,868.0,139.0,305,233.0,496.0
180968,613528,True,38.50004771,-122.7471819,566.0,799.0,53.0,305,233.0,513.0
408000,612000,False,38.49964664,-122.7474123,391.0,776.0,139.0,305,385.0,252.0
110373,419524,False,38.49977781,-122.7478373,658.0,890.0,146.0,305,232.0,512.0
179903,347152,True,38.49996647,-122.7484235,648.0,881.0,145.0,305,233.0,503.0
262744,394120,False,38.50004576,-122.748622,648.0,881.0,145.0,305,233.0,503.0
32332,78537,True,38.4993895,-122.7475206,286.0,1178.0,123.0,305,892.0,163.0
110373,173859,True,38.49952042,-122.7479725,671.0,905.0,160.0,305,234.0,511.0
224400,676260,False,38.49958353,-122.7481679,420.0,1018.0,110.0,305,598.0,310.0
289926,434324,True,38.49965076,-122.7483803,672.0,905.0,166.0,305,233.0,506.0
126759,325965,False,38.49974188,-122.7486203,516.0,1163.0,80.0,305,647.0,436.0
110373,241833,True,38.49997806,-122.7488469,675.0,912.0,156.0,305,237.0,519.0
255000,586500,False,38.499674,-122.7493084,678.0,912.0,152.0,297,234.0,526.0
144360,101855,True,38.49941055,-122.7492123,-1.0,-1.0,331.0,298,288.0,-1.0
108209,241696,True,38.49912133,-122.7487131,743.0,975.0,15.0,305,232.0,728.0
281107,509264,False,38.49904604,-122.7484826,1392.0,1654.0,41.0,305,262.0,1351.0
166638,397338,True,38.49892723,-122.7482463,672.0,905.0,161.0,303,233.0,511.0
132616,256823,True,38.49890168,-122.7476408,628.0,1079.0,217.0,303,451.0,411.0
243615,475407,True,38.49879384,-122.7474066,693.0,1158.0,60.0,303,465.0,633.0
110373,233646,True,38.49830136,-122.7473206,687.0,920.0,166.0,300,233.0,521.0
110373,192355,True,38.49760956,-122.7477571,699.0,933.0,160.0,300,234.0,539.0
186415,348563,True,38.49807039,-122.746731,339.0,625.0,64.0,300,286.0,275.0
150458,332285,True,38.49821771,-122.7464511,392.0,590.0,19.0,300,198.0,373.0
142650,220316,True,38.49864907,-122.7465982,686.0,920.0,168.0,303,234.0,518.0
278252,695632,False,38.49904522,-122.7464433,423.0,769.0,129.0,305,346.0,294.0
110373,195471,False,38.49930064,-122.7463432,662.0,899.0,142.0,305,237.0,520.0
147945,316022,True,38.49957439,-122.7463515,581.0,965.0,157.0,305,384.0,424.0
120361,254190,True,38.49945191,-122.7458165,335.0,572.0,-1.0,305,237.0,401.0
275400,641580,True,38.49925308,-122.7459686,295.0,1094.0,157.0,305,799.0,138.0
306220,459331,False,38.49901182,-122.7460628,311.0,548.0,-1.0,305,237.0,377.0
135411,263307,False,38.49855212,-122.7461162,416.0,608.0,112.0,303,192.0,304.0
127888,260300,True,38.49892557,-122.7455293,312.0,545.0,-1.0,305,233.0,374.0
114933,223691,True,38.49928197,-122.7451841,304.0,541.0,43.0,307,237.0,261.0
232078,477022,False,38.50319104,-122.7469562,842.0,1053.0,55.0,265,211.0,787.0
150458,299424,True,38.50322008,-122.7466732,814.0,1156.0,183.0,263,342.0,631.0
155390,101005,True,38.50301608,-122.7458729,419.0,653.0,-1.0,272,234.0,482.0
291649,618340,False,38.50256588,-122.7478224,463.0,659.0,125.0,278,196.0,338.0
294855,1102706,False,38.50138123,-122.7484654,400.0,920.0,52.0,292,520.0,348.0
156188,390488,True,38.50062229,-122.7480673,601.0,835.0,-1.0,305,234.0,664.0
224400,821100,True,38.50054931,-122.7478401,621.0,854.0,131.0,305,233.0,490.0
126248,265745,True,38.50047715,-122.7476147,599.0,833.0,130.0,305,234.0,469.0
108209,310994,True,38.50040293,-122.7473916,596.0,828.0,118.0,305,232.0,478.0
289738,592366,True,38.50034481,-122.7471596,353.0,569.0,28.0,305,216.0,325.0
108209,224017,True,38.5003248,-122.7469338,792.0,1093.0,247.0,305,301.0,545.0
108209,271322,True,38.50074435,-122.7467354,488.0,720.0,127.0,305,232.0,361.0
255000,815490,True,38.50075623,-122.7470139,603.0,835.0,132.0,305,232.0,471.0
213326,611125,False,38.50079426,-122.7472767,150.0,934.0,27.0,305,784.0,123.0
108209,300092,True,38.50087518,-122.7475185,602.0,835.0,131.0,303,233.0,471.0
111819,192994,False,38.5010432,-122.7480452,632.0,869.0,-1.0,300,237.0,698.0
106090,270491,True,38.5012992,-122.7479304,-1.0,-1.0,30.0,294,344.0,-1.0
247544,501289,True,38.50121919,-122.7476718,467.0,700.0,95.0,296,233.0,372.0
168814,291598,True,38.50105126,-122.7471392,463.0,744.0,111.0,300,281.0,352.0
141459,323087,True,38.50117283,-122.7469292,467.0,699.0,97.0,298,232.0,370.0
132949,265912,True,38.50113567,-122.746646,364.0,591.0,48.0,299,227.0,316.0
206779,561464,True,38.50154316,-122.7462866,-1.0,-1.0,251.0,290,311.0,-1.0
243615,619408,True,38.50148135,-122.7465598,567.0,799.0,120.0,291,232.0,447.0
212354,394378,False,38.50165645,-122.7470603,-1.0,-1.0,116.0,288,255.0,-1.0
182450,377071,False,38.50163619,-122.747407,462.0,699.0,94.0,289,237.0,368.0
152040,463619,True,38.5016525,-122.7477301,461.0,693.0,99.0,287,232.0,362.0
108209,181585,False,38.50204319,-122.7475242,452.0,686.0,98.0,285,234.0,354.0
206537,309511,False,38.50194114,-122.7472408,479.0,713.0,-1.0,287,234.0,542.0
255000,601800,True,38.50192386,-122.7469819,295.0,988.0,77.0,287,693.0,218.0
257641,772925,False,38.50190304,-122.7467575,490.0,722.0,105.0,287,232.0,385.0
108209,68717,True,38.50183095,-122.7462864,-1.0,-1.0,214.0,287,358.0,-1.0
141640,333289,True,38.50175195,-122.7460726,694.0,890.0,37.0,287,196.0,657.0
130192,411834,False,38.50218481,-122.745966,550.0,784.0,109.0,284,234.0,441.0
285396,438401,False,38.50225165,-122.7461827,405.0,735.0,43.0,284,330.0,362.0
270193,405292,False,38.50230335,-122.746416,495.0,729.0,109.0,283,234.0,386.0
108209,260854,False,38.50235444,-122.7468752,399.0,735.0,55.0,283,336.0,344.0
278488,501286,True,38.50236081,-122.7471081,459.0,633.0,32.0,283,174.0,427.0
302099,484682,False,38.50241062,-122.7473641,310.0,533.0,51.0,282,223.0,259.0
295531,788508,True,38.50268241,-122.7466876,447.0,679.0,98.0,279,232.0,349.0
173361,320630,True,38.5026506,-122.7464676,439.0,673.0,83.0,279,234.0,356.0
271458,410078,False,38.50259808,-122.7462379,439.0,673.0,83.0,278,234.0,356.0
182450,504790,True,38.50252338,-122.7460102,480.0,714.0,89.0,282,234.0,391.0
408104,612156,False,38.50244855,-122.7457819,412.0,797.0,118.0,283,385.0,294.0
266888,386784,True,38.50319132,-122.7464,443.0,835.0,132.0,265,392.0,311.0
350041,525588,True,38.50203355,-122.7486511,-1.0,-1.0,85.0,285,553.0,-1.0
144360,307053,True,38.50188844,-122.7482651,590.0,835.0,161.0,286,245.0,429.0
254816,384476,True,38.50001289,-122.7465283,634.0,871.0,142.0,305,237.0,492.0
141090,217914,True,38.50017443,-122.7461787,589.0,826.0,115.0,305,237.0,474.0
262703,394336,False,38.50028902,-122.746458,427.0,1024.0,102.0,305,597.0,325.0
460000,690000,True,38.50070569,-122.7464465,487.0,727.0,110.0,305,240.0,377.0
213511,320269,True,38.50062225,-122.7461634,570.0,804.0,118.0,305,234.0,452.0
290033,435052,False,38.50054101,-122.745857,554.0,791.0,113.0,305,237.0,441.0
217187,326081,True,38.50078848,-122.7456559,357.0,584.0,46.0,305,227.0,311.0
108209,278626,True,38.50087982,-122.7458907,566.0,799.0,117.0,303,233.0,449.0
130340,433056,True,38.5009448,-122.7461259,307.0,534.0,26.0,302,227.0,281.0
16158,68137,True,38.50132966,-122.7457784,281.0,506.0,19.0,295,225.0,262.0
257641,656987,True,38.50122436,-122.7455018,499.0,736.0,112.0,299,237.0,387.0
108209,267933,True,38.50152943,-122.7455882,518.0,745.0,70.0,292,227.0,448.0
120363,361219,True,38.50166947,-122.7458501,490.0,723.0,109.0,288,233.0,381.0
255000,642498,False,38.5021103,-122.7457518,501.0,777.0,126.0,285,276.0,375.0
512237,434332,True,38.5020211,-122.7455324,257.0,1273.0,5.0,288,1016.0,252.0
280500,781320,False,38.5017483,-122.7451605,337.0,1094.0,131.0,289,757.0,206.0
153694,350526,False,38.50157576,-122.7450139,860.0,1518.0,73.0,292,658.0,787.0
108209,205755,True,38.50117389,-122.7449146,194.0,363.0,-1.0,301,169.0,195.0
182016,461121,False,38.50097933,-122.7449788,310.0,465.0,42.0,304,155.0,268.0
150301,379975,True,38.50079315,-122.7450788,554.0,786.0,118.0,308,232.0,436.0
62752,122917,True,38.50060691,-122.7451971,296.0,1276.0,93.0,307,980.0,203.0
238838,368499,True,38.50040023,-122.7453256,527.0,764.0,115.0,307,237.0,412.0
314968,472454,True,38.50002813,-122.7455973,595.0,946.0,127.0,306,351.0,468.0
123775,379830,False,38.49962014,-122.7456139,572.0,819.0,63.0,306,247.0,509.0
289494,534103,False,38.49995546,-122.7452435,363.0,601.0,-1.0,307,238.0,430.0
188086,314602,True,38.5003217,-122.7449683,335.0,572.0,45.0,308,237.0,290.0
306000,679320,True,38.50052578,-122.744837,471.0,1115.0,139.0,309,644.0,332.0
106090,208658,True,38.50090101,-122.7446241,345.0,582.0,43.0,307,237.0,302.0
165701,354488,False,38.5011071,-122.7445142,354.0,588.0,-1.0,303,234.0,417.0
106090,214851,True,38.50131205,-122.7444758,363.0,597.0,55.0,299,234.0,308.0
156188,666806,False,38.50149293,-122.7444923,399.0,631.0,57.0,295,232.0,342.0
182016,449234,False,38.50166268,-122.7445565,408.0,640.0,57.0,292,232.0,351.0
132949,422950,True,38.50180411,-122.7446701,418.0,650.0,57.0,291,232.0,361.0
220470,330713,True,38.50218028,-122.7451652,630.0,1115.0,292.0,286,485.0,338.0
108209,268751,True,38.50228203,-122.7453633,426.0,660.0,83.0,285,234.0,343.0
295531,567655,True,38.50237059,-122.7455674,426.0,660.0,83.0,283,234.0,343.0
126248,276866,True,38.50282645,-122.7453342,397.0,631.0,76.0,277,234.0,321.0
294329,597729,False,38.50272205,-122.7450681,357.0,878.0,55.0,280,521.0,302.0
309170,604942,False,38.50247956,-122.7445655,321.0,597.0,90.0,287,276.0,231.0
277204,425833,True,38.50217965,-122.7443145,435.0,700.0,128.0,290,265.0,307.0
150301,404756,True,38.50252099,-122.7438432,-1.0,-1.0,-1.0,289,318.0,-1.0
278418,641622,True,38.50260681,-122.7432323,532.0,764.0,78.0,286,232.0,454.0
289738,810411,True,38.50220798,-122.7432466,429.0,1016.0,95.0,292,587.0,334.0
108209,341255,True,38.50197372,-122.7434565,307.0,576.0,55.0,295,269.0,252.0
108209,283921,False,38.50189116,-122.7436798,392.0,626.0,55.0,295,234.0,337.0
295531,512269,True,38.501664,-122.7438562,384.0,618.0,55.0,295,234.0,329.0
279166,541435,True,38.50115902,-122.7438553,464.0,1115.0,63.0,306,651.0,401.0
98392,236448,True,38.50094462,-122.7439674,383.0,617.0,55.0,309,234.0,328.0
255000,867000,True,38.50075284,-122.744067,380.0,612.0,57.0,312,232.0,323.0
108209,270678,False,38.5003848,-122.7442664,-1.0,-1.0,44.0,312,268.0,-1.0
257641,855370,True,38.50018238,-122.7443778,377.0,611.0,55.0,311,234.0,322.0
147019,409180,True,38.49994319,-122.7445064,656.0,897.0,39.0,311,241.0,617.0
170387,577538,True,38.49977541,-122.7446247,366.0,598.0,48.0,311,232.0,318.0
106090,212196,True,38.49961104,-122.7447874,314.0,548.0,46.0,310,234.0,268.0
239668,587423,False,38.49944591,-122.7449809,485.0,899.0,112.0,309,414.0,373.0
284893,427067,True,38.49510165,-122.7464224,571.0,769.0,116.0,284,198.0,455.0
294329,648576,False,38.49521966,-122.7465438,238.0,405.0,29.0,286,167.0,209.0
262793,633798,True,38.49532135,-122.7466595,348.0,888.0,63.0,287,540.0,285.0
257641,556495,True,38.49543345,-122.7467702,241.0,591.0,141.0,287,350.0,100.0
149086,500074,True,38.49555779,-122.7469134,468.0,757.0,70.0,287,289.0,398.0
304841,630706,False,38.49565089,-122.7471173,205.0,414.0,-1.0,288,209.0,243.0
271805,407709,True,38.49503555,-122.7470484,442.0,717.0,127.0,284,275.0,315.0
130340,378162,True,38.49486241,-122.7470224,-1.0,-1.0,57.0,283,141.0,-1.0
200962,556007,True,38.49470089,-122.7470266,408.0,787.0,142.0,281,379.0,266.0
304841,633630,False,38.49452476,-122.7470061,210.0,483.0,70.0,276,273.0,140.0
182450,473771,True,38.49438436,-122.7468908,544.0,764.0,133.0,271,220.0,411.0
132949,361790,True,38.49427199,-122.7467287,515.0,801.0,58.0,266,286.0,457.0
294455,441685,False,38.4941736,-122.7465723,-1.0,-1.0,31.0,261,266.0,-1.0
132949,339631,True,38.49408662,-122.7464097,427.0,693.0,38.0,260,266.0,389.0
214359,668546,True,38.4939824,-122.7462547,353.0,619.0,38.0,257,266.0,315.0
147725,414581,True,38.49436891,-122.7455313,-1.0,-1.0,58.0,272,265.0,-1.0
369240,553860,False,38.49451981,-122.7456964,199.0,717.0,70.0,274,518.0,129.0
304841,648281,False,38.49459749,-122.7459195,165.0,356.0,40.0,277,191.0,125.0
228978,429497,False,38.49456516,-122.746216,208.0,357.0,33.0,276,149.0,175.0
304841,665656,True,38.49469974,-122.7463932,204.0,469.0,60.0,281,265.0,144.0
201210,301818,True,38.49479626,-122.7461057,327.0,587.0,65.0,282,260.0,262.0
215179,408306,False,38.49488999,-122.7459761,192.0,717.0,63.0,283,525.0,129.0
304841,651772,False,38.49372349,-122.7456804,196.0,359.0,8.0,247,163.0,188.0
208812,541533,True,38.49354217,-122.7456672,463.0,654.0,-1.0,239,191.0,486.0
440000,660000,False,38.49343079,-122.745509,203.0,415.0,46.0,238,212.0,157.0
130340,444031,True,38.4933697,-122.7453323,587.0,1009.0,78.0,237,422.0,509.0
304841,619144,False,38.49327996,-122.7451988,181.0,309.0,13.0,234,128.0,168.0
304841,640363,False,38.49318489,-122.7450701,183.0,311.0,19.0,231,128.0,164.0
294329,635962,True,38.49309222,-122.7449403,232.0,464.0,76.0,227,232.0,156.0
130340,173727,False,38.4930037,-122.744806,666.0,1050.0,37.0,225,384.0,629.0
130340,112925,False,38.49291807,-122.7446689,734.0,1213.0,35.0,223,479.0,699.0
212354,369988,False,38.49279455,-122.7444969,-1.0,-1.0,15.0,220,280.0,-1.0
162496,446836,False,38.49281362,-122.7436486,354.0,546.0,27.0,220,192.0,327.0
236803,371335,True,38.49297786,-122.7437963,403.0,780.0,25.0,226,377.0,378.0
387600,581400,True,38.49307277,-122.7439148,476.0,801.0,12.0,229,325.0,464.0
304841,640647,True,38.4931672,-122.7440417,182.0,455.0,-1.0,232,273.0,284.0
273305,630706,False,38.4932685,-122.7441609,165.0,332.0,1.0,237,167.0,164.0
304841,625450,True,38.49336118,-122.7442916,206.0,401.0,22.0,240,195.0,184.0
298864,569903,False,38.49354695,-122.7445489,114.0,240.0,13.0,244,126.0,101.0
293936,441186,True,38.49364525,-122.744671,354.0,546.0,52.0,246,192.0,302.0
200962,529212,True,38.49374776,-122.7448418,352.0,541.0,50.0,250,189.0,302.0
510000,175440,False,38.48748956,-122.7518825,-1.0,-1.0,-1.0,56,513.0,-1.0
382774,202323,True,38.48714077,-122.7574799,207.0,423.0,-1.0,8,216.0,252.0
423112,608000,False,38.5229145,-122.7217917,608.0,1401.0,223.0,52,793.0,385.0
354986,461487,True,38.52231526,-122.7205575,812.0,1169.0,370.0,58,357.0,442.0
402144,600800,False,38.52537336,-122.7244204,405.0,1227.0,97.0,33,822.0,308.0
154081,278855,True,38.52479168,-122.724633,-1.0,-1.0,117.0,35,367.0,-1.0
140565,335915,True,38.52302607,-122.726626,463.0,696.0,107.0,35,233.0,356.0
179223,289343,True,38.5196549,-122.7242037,393.0,646.0,71.0,41,253.0,322.0
488191,1502000,False,38.52039665,-122.7233978,-1.0,-1.0,168.0,54,973.0,-1.0
346264,874140,False,38.51944723,-122.7255219,442.0,1025.0,57.0,39,583.0,385.0
348118,566926,False,38.51928564,-122.7213865,428.0,981.0,72.0,60,553.0,356.0
215830,802077,False,38.52084198,-122.7197482,-1.0,-1.0,93.0,68,470.0,-1.0
184385,387797,True,38.5244449,-122.7191216,732.0,1008.0,63.0,51,276.0,669.0
262793,358020,False,38.52523061,-122.7188732,323.0,995.0,90.0,47,672.0,233.0
180980,241347,True,38.52330495,-122.7238654,-1.0,-1.0,44.0,39,350.0,-1.0
326231,960000,False,38.52177169,-122.7179934,775.0,1378.0,153.0,66,603.0,622.0
221591,554001,True,38.52097788,-122.7175847,526.0,868.0,116.0,73,342.0,410.0
138610,235307,True,38.52396188,-122.7171841,658.0,1016.0,219.0,55,358.0,439.0
179579,265551,False,38.52315827,-122.7155765,1242.0,1423.0,24.0,56,181.0,1218.0
425990,196063,True,38.5248709,-122.7153918,425.0,659.0,46.0,42,234.0,379.0
557758,649044,False,38.52108525,-122.7083072,1044.0,1163.0,190.0,50,119.0,854.0
41356,61824,True,38.5237715,-122.7066868,947.0,1310.0,71.0,32,363.0,876.0
25387,151960,True,38.52429275,-122.707682,531.0,1275.0,55.0,36,744.0,476.0
216438,490111,True,38.52872973,-122.7035459,702.0,1248.0,79.0,15,546.0,623.0
362179,599171,True,38.52765491,-122.7035278,638.0,994.0,143.0,16,356.0,495.0
85368,375649,True,38.5247584,-122.7049347,675.0,1147.0,126.0,26,472.0,549.0
93821,56077,True,38.52413843,-122.7053428,627.0,1250.0,105.0,28,623.0,522.0
258526,66182,True,38.52441696,-122.7062938,-1.0,-1.0,54.0,27,723.0,-1.0
807807,275833,True,38.52280997,-122.7071931,426.0,883.0,60.0,35,457.0,366.0
334654,562221,False,38.52273379,-122.702092,797.0,1099.0,289.0,21,302.0,508.0
203576,305368,True,38.52377051,-122.704614,624.0,877.0,84.0,26,253.0,540.0
289665,441747,True,38.51944649,-122.7102064,362.0,659.0,67.0,59,297.0,295.0
158499,271383,True,38.5181168,-122.7114611,547.0,876.0,129.0,70,329.0,418.0
256255,611785,False,38.52081416,-122.7128685,-1.0,-1.0,24.0,62,199.0,-1.0
348025,422997,True,38.5213988,-122.7109808,344.0,709.0,141.0,55,365.0,203.0
259907,182046,False,38.51934204,-122.7155317,546.0,962.0,263.0,77,416.0,283.0
26080,133347,True,38.52000994,-122.715473,444.0,829.0,289.0,75,385.0,155.0
21048,107075,True,38.52004423,-122.7160751,324.0,688.0,41.0,77,364.0,283.0
17309,167481,True,38.51634479,-122.7154403,-1.0,-1.0,-1.0,85,119.0,-1.0
362179,777109,True,38.51602256,-122.7141934,484.0,869.0,91.0,83,385.0,393.0
39177,225220,True,38.51726754,-122.7157008,332.0,590.0,73.0,85,258.0,259.0
20786,216471,True,38.51679844,-122.7154063,277.0,615.0,43.0,85,338.0,234.0
404188,424065,False,38.51844278,-122.7125682,263.0,854.0,87.0,70,591.0,176.0
117233,240073,True,38.51800268,-122.7144991,685.0,1042.0,121.0,83,357.0,564.0
17309,142186,True,38.51658592,-122.7131839,372.0,619.0,39.0,79,247.0,333.0
16616,84940,True,38.51691171,-122.7144019,261.0,505.0,57.0,86,244.0,204.0
272957,701299,True,38.51752766,-122.7122379,514.0,720.0,147.0,77,206.0,367.0
123775,336965,True,38.5063598,-122.7317609,826.0,927.0,117.0,25,101.0,709.0
501981,373698,False,38.50598043,-122.7313456,731.0,1095.0,300.0,23,364.0,431.0
272957,409447,False,38.50944528,-122.7188969,385.0,1091.0,85.0,53,706.0,300.0
352085,752334,True,38.50480097,-122.7277941,-1.0,-1.0,70.0,17,365.0,-1.0
580862,1055474,True,38.51243818,-122.7305145,719.0,918.0,112.0,20,199.0,607.0
769643,812570,False,38.51165335,-122.7305885,951.0,1220.0,103.0,19,269.0,848.0
420470,1681885,False,38.50805214,-122.723984,382.0,570.0,148.0,35,188.0,234.0
272272,589560,False,38.5167116,-122.7207603,574.0,1211.0,205.0,65,637.0,369.0
283129,641884,False,38.51142946,-122.7223646,478.0,759.0,212.0,47,281.0,266.0
10398,98145,True,38.51261719,-122.7208167,272.0,567.0,62.0,57,295.0,210.0
22625,181371,True,38.5129246,-122.7213766,-1.0,-1.0,103.0,55,289.0,-1.0
225000,550000,True,38.51603293,-122.721236,872.0,1133.0,41.0,62,261.0,831.0
15231,123379,False,38.51733193,-122.7216378,1014.0,1441.0,50.0,63,427.0,964.0
280500,298503,False,38.51432883,-122.7221751,-1.0,-1.0,189.0,58,346.0,-1.0
17309,157216,True,38.51543378,-122.7220425,-1.0,-1.0,222.0,60,429.0,-1.0
208955,490000,False,38.51451895,-122.7216861,527.0,1450.0,179.0,59,923.0,348.0
215890,517140,True,38.51371286,-122.7216639,277.0,1077.0,92.0,57,800.0,185.0
173270,426524,False,38.51312722,-122.719566,-1.0,-1.0,71.0,66,293.0,-1.0
160397,46901,True,38.51338177,-122.7203599,971.0,1310.0,236.0,63,339.0,735.0
210235,262793,False,38.5168101,-122.7215281,174.0,401.0,47.0,61,227.0,127.0
231027,354632,True,38.51344543,-122.7194239,553.0,1042.0,170.0,68,489.0,383.0
125538,212448,True,38.5119626,-122.7210296,185.0,377.0,-1.0,55,192.0,209.0
243267,453696,True,38.51412713,-122.7179385,507.0,972.0,165.0,81,465.0,342.0
13846,109814,True,38.5129612,-122.7151042,266.0,604.0,98.0,76,338.0,168.0
236718,305077,True,38.51244393,-122.7154088,-1.0,-1.0,45.0,75,157.0,-1.0
14781,88811,True,38.51292586,-122.7160945,360.0,626.0,36.0,78,266.0,324.0
16158,60286,False,38.51003768,-122.7175209,361.0,643.0,35.0,65,282.0,326.0
316253,201063,True,38.51059799,-122.7174368,309.0,659.0,120.0,69,350.0,189.0
259907,896368,True,38.51003888,-122.7181054,826.0,1151.0,143.0,63,325.0,683.0
231027,506890,True,38.51068055,-122.718332,302.0,567.0,-1.0,65,265.0,396.0
346545,763599,True,38.51351615,-122.7150383,589.0,990.0,155.0,79,401.0,434.0
184660,398166,True,38.51353192,-122.7169177,364.0,526.0,6.0,82,162.0,358.0
163604,319047,False,38.51396636,-122.716709,459.0,605.0,128.0,84,146.0,331.0
184660,283118,False,38.50937036,-122.7176625,414.0,969.0,104.0,63,555.0,310.0
283129,526626,True,38.51404938,-122.7153899,295.0,602.0,-1.0,81,307.0,431.0
721397,1133623,False,38.51520199,-122.7133626,657.0,918.0,397.0,78,261.0,260.0
258752,396736,False,38.51442368,-122.713352,1420.0,1679.0,80.0,76,259.0,1340.0
306766,579428,False,38.51689737,-122.7108433,342.0,687.0,260.0,74,345.0,82.0
408000,300900,True,38.51541035,-122.7125747,373.0,1136.0,99.0,73,763.0,274.0
250833,419996,True,38.51384136,-122.7100656,-1.0,-1.0,52.0,65,279.0,-1.0
550000,1283000,True,38.51296034,-122.7102252,798.0,1092.0,127.0,60,294.0,671.0
361210,453697,False,38.51226584,-122.7107038,353.0,933.0,135.0,62,580.0,218.0
290000,349793,True,38.51553098,-122.7103972,896.0,1233.0,64.0,67,337.0,832.0
248697,297700,True,38.51595704,-122.7116933,1245.0,1303.0,279.0,71,58.0,966.0
390429,686697,False,38.51795206,-122.7092571,-1.0,-1.0,168.0,67,399.0,-1.0
404302,127658,True,38.51430754,-122.7089335,705.0,1140.0,278.0,60,435.0,427.0
194155,490305,False,38.51467181,-122.7055273,377.0,736.0,75.0,42,359.0,302.0
509295,95260,True,38.51747273,-122.705521,600.0,896.0,98.0,48,296.0,502.0
692998,105524,False,38.51480459,-122.7042532,-1.0,-1.0,922.0,38,547.0,-1.0
284235,849781,True,38.51271277,-122.7048481,294.0,349.0,67.0,38,55.0,227.0
271626,563919,True,38.51134754,-122.7156323,481.0,743.0,48.0,70,262.0,433.0
294818,26794,False,38.51225669,-122.7120032,627.0,1435.0,182.0,66,808.0,445.0
263307,314523,True,38.51144198,-122.7126345,690.0,1267.0,125.0,62,577.0,565.0
546823,610874,True,38.51012406,-122.7160242,-1.0,-1.0,190.0,68,456.0,-1.0
261763,425623,False,38.50790508,-122.7184162,318.0,863.0,46.0,46,545.0,272.0
24243,112146,True,38.50716563,-122.7174153,361.0,584.0,102.0,48,223.0,259.0
147725,399101,True,38.50749419,-122.7138006,341.0,820.0,124.0,56,479.0,217.0
110373,280230,True,38.51066941,-122.7114545,1322.0,1759.0,172.0,65,437.0,1150.0
451392,1070258,True,38.50996208,-122.7126376,864.0,1095.0,37.0,61,231.0,827.0
489246,401240,False,38.50647656,-122.7112918,570.0,1052.0,81.0,57,482.0,489.0
525483,66096,False,38.50482375,-122.7059986,460.0,1499.0,63.0,53,1039.0,397.0
301816,573499,False,38.51063344,-122.7094658,671.0,790.0,41.0,57,119.0,630.0
112705,348885,True,38.50426267,-122.7104296,607.0,888.0,77.0,48,281.0,530.0
324932,383255,True,38.50727324,-122.7093955,579.0,1056.0,78.0,57,477.0,501.0
37349,282621,True,38.50878284,-122.7104397,-1.0,-1.0,171.0,58,219.0,-1.0
295898,296155,False,38.50956426,-122.7103949,74.0,227.0,45.0,61,153.0,29.0
141461,85906,False,38.51022097,-122.7100402,50.0,91.0,50.0,59,41.0,0.0
857760,1699650,False,38.51023403,-122.7075372,-1.0,-1.0,102.0,51,1123.0,-1.0
571415,1057780,True,38.50994793,-122.7054691,-1.0,-1.0,3.0,41,188.0,-1.0
736143,805653,False,38.50702536,-122.7064755,-1.0,-1.0,-1.0,55,694.0,-1.0
33420,23063,False,38.52918507,-122.7287938,-1.0,-1.0,461.0,19,805.0,-1.0
36599,177504,False,38.52858088,-122.7294765,490.0,912.0,152.0,19,422.0,338.0
150572,110786,True,38.53052545,-122.7259436,217.0,791.0,45.0,22,574.0,172.0
162324,259377,True,38.52960799,-122.7279346,771.0,1211.0,220.0,20,440.0,551.0
283988,404521,True,38.53012883,-122.7277648,-1.0,-1.0,159.0,21,259.0,-1.0
306766,450773,False,38.52883004,-122.7251334,231.0,449.0,42.0,27,218.0,189.0
559861,513586,True,38.53000677,-122.7209932,609.0,1400.0,55.0,27,791.0,554.0
519480,515064,False,38.52810971,-122.7198936,553.0,1018.0,154.0,31,465.0,399.0
351056,1073274,True,38.52711066,-122.7247983,410.0,770.0,61.0,31,360.0,349.0
105891,114022,True,38.53204375,-122.7242539,178.0,517.0,89.0,20,339.0,89.0
367911,366860,False,38.52724997,-122.7227147,1906.0,1962.0,64.0,38,56.0,1842.0
300752,294960,True,38.52667644,-122.7232182,443.0,624.0,42.0,38,181.0,401.0
195509,292157,True,38.52589878,-122.7232569,-1.0,-1.0,62.0,40,294.0,-1.0
294855,170642,False,38.52780444,-122.7224677,-1.0,-1.0,231.0,35,364.0,-1.0
81793,185731,True,38.52785202,-122.723524,266.0,539.0,-1.0,32,273.0,368.0
127323,552577,True,38.51521733,-122.7238425,540.0,946.0,80.0,47,406.0,460.0
595847,385432,False,38.5199572,-122.7145359,547.0,910.0,108.0,73,363.0,439.0
405777,558361,False,38.52155211,-122.7155637,660.0,976.0,74.0,64,316.0,586.0
448872,890878,True,38.52253111,-122.7113674,588.0,867.0,115.0,48,279.0,473.0
307735,461607,True,38.52296981,-122.7099217,595.0,854.0,29.0,45,259.0,566.0
336437,239700,False,38.52282918,-122.7130415,497.0,990.0,62.0,47,493.0,435.0
417634,637741,True,38.51068992,-122.7242535,1289.0,1498.0,182.0,38,209.0,1107.0
459000,1062024,False,38.50746137,-122.7328043,564.0,804.0,35.0,22,240.0,529.0
643321,1379671,False,38.50650004,-122.7345462,274.0,420.0,-1.0,41,146.0,-1.0
274008,790189,True,38.50724082,-122.7289002,664.0,925.0,68.0,27,261.0,596.0
231228,760828,True,38.50812736,-122.7307576,532.0,1071.0,146.0,24,539.0,386.0
332556,914427,True,38.51833474,-122.7212864,460.0,630.0,-1.0,62,170.0,462.0
217247,612382,True,38.51835772,-122.7227533,351.0,624.0,29.0,58,273.0,322.0
1094732,1429232,False,38.52951724,-122.7369434,-1.0,-1.0,144.0,2,1375.0,-1.0
26558,182074,True,38.55466997,-122.7084631,684.0,1008.0,90.0,1,324.0,594.0
362541,622313,True,38.55501496,-122.6980241,272.0,981.0,64.0,4,709.0,208.0
344211,696373,True,38.54792156,-122.7171169,494.0,657.0,92.0,8,163.0,402.0
126320,190365,True,38.54797966,-122.7181203,310.0,667.0,38.0,8,357.0,272.0
300752,415585,False,38.54223603,-122.7195909,493.0,1007.0,116.0,7,514.0,377.0
221591,169885,True,38.54653983,-122.7157159,507.0,1140.0,125.0,8,633.0,382.0
328093,688996,False,38.54626064,-122.711507,880.0,1261.0,70.0,7,381.0,810.0
746409,1236231,True,38.52792623,-122.7163654,-1.0,-1.0,41.0,30,206.0,-1.0
527280,517703,False,38.54285327,-122.7175779,549.0,793.0,135.0,8,244.0,414.0
54415,183263,True,38.54112037,-122.7188724,-1.0,-1.0,34.0,8,287.0,-1.0
283405,432838,False,38.54044392,-122.7175018,524.0,916.0,181.0,8,392.0,343.0
108209,8408,False,38.60553508,-122.6525929,953.0,1631.0,93.0,1,678.0,860.0
500000,72153,False,38.5784635,-122.6759368,494.0,763.0,-1.0,4,269.0,592.0
496697,215914,False,38.58587516,-122.6603432,705.0,924.0,20.0,1,219.0,685.0
291213,137722,False,38.58121099,-122.6706178,284.0,588.0,80.0,2,304.0,204.0
20573,27186,True,38.58992162,-122.6716395,123.0,434.0,-1.0,1,311.0,263.0
240734,841135,False,38.58131467,-122.6496986,637.0,1100.0,260.0,7,463.0,377.0
1891453,32165,False,38.58283827,-122.6480829,-1.0,-1.0,-1.0,7,524.0,-1.0
478956,55639,False,38.58749806,-122.6479358,-1.0,-1.0,-1.0,4,507.0,-1.0
224103,84262,False,38.57657641,-122.6534243,917.0,1332.0,200.0,4,415.0,717.0
1093646,936117,False,38.5794035,-122.6330813,882.0,1046.0,52.0,2,164.0,830.0
825000,775618,False,38.58043826,-122.6386487,-1.0,-1.0,154.0,5,322.0,-1.0
128965,167100,True,38.57952116,-122.6448288,330.0,562.0,-1.0,7,232.0,391.0
369327,168223,True,38.57296068,-122.6766585,386.0,773.0,138.0,3,387.0,248.0
613534,25764,False,38.57285153,-122.6709433,-1.0,-1.0,195.0,3,520.0,-1.0
690000,290000,False,38.57556636,-122.6418435,-1.0,-1.0,974.0,8,548.0,-1.0
9396,60330,True,38.56960383,-122.6481268,111.0,254.0,25.0,6,143.0,86.0
84425,4042,True,38.57518809,-122.644663,604.0,848.0,-1.0,8,244.0,677.0
88879,301362,True,38.568024,-122.6464988,-1.0,-1.0,144.0,5,342.0,-1.0
814000,702420,False,38.56560973,-122.6460125,-1.0,-1.0,201.0,3,283.0,-1.0
295458,363012,False,38.54643396,-122.6546591,567.0,962.0,179.0,1,395.0,388.0
153188,77024,False,38.55707532,-122.6442917,-1.0,-1.0,-1.0,1,388.0,-1.0
52385,238277,False,38.26503738,-122.3969472,413.0,757.0,50.0,2,344.0,363.0
195672,229964,False,38.26026976,-122.3982935,727.0,1049.0,302.0,2,322.0,425.0
434505,260700,True,38.30825546,-122.4078062,1025.0,1283.0,107.0,2,258.0,918.0
1224000,612000,False,38.30620795,-122.4075692,-1.0,-1.0,113.0,3,1584.0,-1.0
1211749,97860,True,38.30058516,-122.4299778,-1.0,-1.0,94.0,2,210.0,-1.0
2081333,21023,False,38.28775681,-122.4068715,-1.0,-1.0,317.0,1,777.0,-1.0
314678,176834,True,38.29968026,-122.4144647,313.0,743.0,39.0,2,430.0,274.0
941855,30483,False,38.29115557,-122.4194199,77.0,1360.0,50.0,1,1283.0,27.0
155323,421348,True,38.30535431,-122.4333886,408.0,667.0,44.0,2,259.0,364.0
142650,162476,True,38.47981504,-122.7044806,556.0,969.0,135.0,3,413.0,421.0
309432,309310,True,38.47981755,-122.7038469,555.0,969.0,147.0,3,414.0,408.0
262744,197058,False,38.47943745,-122.7038419,-1.0,-1.0,260.0,3,412.0,-1.0
